{"cameraMode":{"drawMode":0,"name":"Shaded","section":"Shading Mode"},"sceneLighting":false,"audioPlay":false,"sceneViewState":{"showFog":true,"showMaterialUpdate":false,"showSkybox":false,"showFlares":true,"showImageEffects":true,"showParticleSystems":true},"in2DMode":false,"pivot":{"x":-0.49863481521606448,"y":0.021986186504364015,"z":-0.4090768098831177},"rotation":{"x":-0.25566625595092776,"y":0.17173580825328828,"z":-0.04617511108517647,"w":-0.9503034353256226},"size":1.2954792976379395,"orthographic":false}