{"cameraMode":{"drawMode":0,"name":"Shaded","section":"Shading Mode"},"sceneLighting":true,"audioPlay":false,"sceneViewState":{"showFog":true,"showMaterialUpdate":false,"showSkybox":true,"showFlares":true,"showImageEffects":true,"showParticleSystems":true},"in2DMode":false,"pivot":{"x":39.12152099609375,"y":-310.0321960449219,"z":24.830665588378908},"rotation":{"x":-0.2573321759700775,"y":-0.7002678513526917,"z":0.592613935470581,"w":-0.3041461408138275},"size":685.076171875,"orthographic":false}