{"cameraMode":{"drawMode":0,"name":"Shaded","section":"Shading Mode"},"sceneLighting":true,"audioPlay":false,"sceneViewState":{"showFog":true,"showMaterialUpdate":false,"showSkybox":true,"showFlares":true,"showImageEffects":true,"showParticleSystems":true},"in2DMode":false,"pivot":{"x":-6.8466796875,"y":-0.4320068359375,"z":52.075164794921878},"rotation":{"x":-0.44645118713378909,"y":0.3904578387737274,"z":-0.22570303082466126,"w":-0.773047685623169},"size":159.25991821289063,"orthographic":false}