{"cameraMode":{"drawMode":0,"name":"Shaded","section":"Shading Mode"},"sceneLighting":false,"audioPlay":false,"sceneViewState":{"showFog":true,"showMaterialUpdate":false,"showSkybox":false,"showFlares":true,"showImageEffects":true,"showParticleSystems":true},"in2DMode":false,"pivot":{"x":513.3367309570313,"y":7.389528751373291,"z":345.1143798828125},"rotation":{"x":-0.008460300974547863,"y":-0.9838263392448425,"z":0.1732446402311325,"w":-0.047993943095207217},"size":37.550052642822269,"orthographic":false}