{"cameraMode":{"drawMode":0,"name":"Shaded","section":"Shading Mode"},"sceneLighting":false,"audioPlay":false,"sceneViewState":{"showFog":true,"showMaterialUpdate":false,"showSkybox":false,"showFlares":true,"showImageEffects":true,"showParticleSystems":true},"in2DMode":false,"pivot":{"x":533.0277099609375,"y":5.2052812576293949,"z":327.14837646484377},"rotation":{"x":-0.008460300974547863,"y":-0.9838263392448425,"z":0.1732446402311325,"w":-0.047993943095207217},"size":26.919105529785158,"orthographic":false}