{"cameraMode":{"drawMode":0,"name":"Shaded","section":"Shading Mode"},"sceneLighting":false,"audioPlay":false,"sceneViewState":{"showFog":true,"showMaterialUpdate":false,"showSkybox":false,"showFlares":true,"showImageEffects":true,"showParticleSystems":true},"in2DMode":false,"pivot":{"x":531.9979248046875,"y":9.848733901977539,"z":342.4618225097656},"rotation":{"x":0.47288402915000918,"y":0.48370361328125,"z":-0.35392796993255618,"w":0.6460288763046265},"size":41.5799446105957,"orthographic":false}