{"cameraMode":{"drawMode":0,"name":"Shaded","section":"Shading Mode"},"sceneLighting":true,"audioPlay":false,"sceneViewState":{"showFog":true,"showMaterialUpdate":false,"showSkybox":true,"showFlares":true,"showImageEffects":true,"showParticleSystems":true},"in2DMode":false,"pivot":{"x":9.600000381469727,"y":5.369999885559082,"z":2.6500000953674318},"rotation":{"x":-0.29645541310310366,"y":-0.6402484774589539,"z":0.29422810673713686,"w":-0.6449722051620483},"size":22.0,"orthographic":false}