{"cameraMode":{"drawMode":0,"name":"Shaded","section":"Shading Mode"},"sceneLighting":false,"audioPlay":false,"sceneViewState":{"showFog":true,"showMaterialUpdate":false,"showSkybox":false,"showFlares":true,"showImageEffects":true,"showParticleSystems":true},"in2DMode":false,"pivot":{"x":9.175263404846192,"y":2.123441696166992,"z":-0.6852681636810303},"rotation":{"x":-0.043381743133068088,"y":0.9392284154891968,"z":-0.12930303812026978,"w":-0.3151113986968994},"size":3.5098090171813967,"orthographic":false}