{"cameraMode":{"drawMode":0,"name":"Shaded","section":"Shading Mode"},"sceneLighting":false,"audioPlay":false,"sceneViewState":{"showFog":true,"showMaterialUpdate":false,"showSkybox":false,"showFlares":true,"showImageEffects":true,"showParticleSystems":true},"in2DMode":false,"pivot":{"x":4.783916473388672,"y":3.0582268238067629,"z":5.228830814361572},"rotation":{"x":-0.04678579047322273,"y":-0.01738474890589714,"z":0.0008138972334563732,"w":-0.9987627863883972},"size":20.7135066986084,"orthographic":false}