{"cameraMode":{"drawMode":0,"name":"Shaded","section":"Shading Mode"},"sceneLighting":false,"audioPlay":false,"sceneViewState":{"showFog":true,"showMaterialUpdate":false,"showSkybox":false,"showFlares":true,"showImageEffects":true,"showParticleSystems":true},"in2DMode":false,"pivot":{"x":11.161295890808106,"y":2.2547318935394289,"z":-1.4520156383514405},"rotation":{"x":-0.013293801806867123,"y":0.9860602617263794,"z":-0.13424356281757356,"w":-0.09764093905687332},"size":2.909809112548828,"orthographic":false}