{"cameraMode":{"drawMode":0,"name":"Shaded","section":"Shading Mode"},"sceneLighting":true,"audioPlay":false,"sceneViewState":{"showFog":true,"showMaterialUpdate":false,"showSkybox":true,"showFlares":true,"showImageEffects":true,"showParticleSystems":true},"in2DMode":false,"pivot":{"x":91.85099792480469,"y":-184.79222106933595,"z":118.25537872314453},"rotation":{"x":-0.29645541310310366,"y":-0.6402484774589539,"z":0.29422810673713686,"w":-0.6449722051620483},"size":297.9844970703125,"orthographic":false}