{"cameraMode":{"drawMode":0,"name":"Shaded","section":"Shading Mode"},"sceneLighting":true,"audioPlay":false,"sceneViewState":{"showFog":true,"showMaterialUpdate":false,"showSkybox":true,"showFlares":true,"showImageEffects":true,"showParticleSystems":true},"in2DMode":false,"pivot":{"x":59.505950927734378,"y":-69.11817932128906,"z":44.48307800292969},"rotation":{"x":-0.5256880521774292,"y":-0.026528412476181985,"z":0.01645565778017044,"w":-0.8501385450363159},"size":129.30252075195313,"orthographic":false}