{"cameraMode":{"drawMode":0,"name":"Shaded","section":"Shading Mode"},"sceneLighting":false,"audioPlay":false,"sceneViewState":{"showFog":true,"showMaterialUpdate":false,"showSkybox":false,"showFlares":true,"showImageEffects":true,"showParticleSystems":true},"in2DMode":false,"pivot":{"x":53.06321716308594,"y":0.4587499499320984,"z":114.13023376464844},"rotation":{"x":-0.3696202039718628,"y":-0.4364847242832184,"z":0.20300783216953278,"w":-0.794793426990509},"size":3.5014121532440187,"orthographic":false}