{"cameraMode":{"drawMode":0,"name":"Shaded","section":"Shading Mode"},"sceneLighting":true,"audioPlay":false,"sceneViewState":{"showFog":true,"showMaterialUpdate":false,"showSkybox":true,"showFlares":true,"showImageEffects":true,"showParticleSystems":true},"in2DMode":false,"pivot":{"x":9.600000381469727,"y":5.369999885559082,"z":2.6500000953674318},"rotation":{"x":-0.3301655054092407,"y":-0.6501604318618774,"z":0.37412726879119875,"w":-0.5733287334442139},"size":22.0,"orthographic":false}