{"cameraMode":{"drawMode":0,"name":"Shaded","section":"Shading Mode"},"sceneLighting":true,"audioPlay":false,"sceneViewState":{"showFog":true,"showMaterialUpdate":false,"showSkybox":true,"showFlares":true,"showImageEffects":true,"showParticleSystems":true},"in2DMode":false,"pivot":{"x":82.13885498046875,"y":-294.2726745605469,"z":-25.820220947265626},"rotation":{"x":-0.22230570018291474,"y":-0.7465850710868836,"z":0.5498694181442261,"w":-0.3018686771392822},"size":504.34869384765627,"orthographic":false}