{"cameraMode":{"drawMode":0,"name":"Shaded","section":"Shading Mode"},"sceneLighting":false,"audioPlay":false,"sceneViewState":{"showFog":true,"showMaterialUpdate":false,"showSkybox":false,"showFlares":true,"showImageEffects":true,"showParticleSystems":true},"in2DMode":false,"pivot":{"x":-1.4859719276428223,"y":-0.1729445457458496,"z":-2.870729446411133},"rotation":{"x":-0.034244783222675326,"y":-0.7069881558418274,"z":0.0340566523373127,"w":-0.7058329582214356},"size":4.243101119995117,"orthographic":false}