{"cameraMode":{"drawMode":0,"name":"Shaded","section":"Shading Mode"},"sceneLighting":false,"audioPlay":false,"sceneViewState":{"showFog":true,"showMaterialUpdate":false,"showSkybox":false,"showFlares":true,"showImageEffects":true,"showParticleSystems":true},"in2DMode":false,"pivot":{"x":0.016499996185302736,"y":-0.42629995942115786,"z":0.0448000431060791},"rotation":{"x":-0.25566625595092776,"y":0.17173580825328828,"z":-0.04617511108517647,"w":-0.9503034353256226},"size":6.865781307220459,"orthographic":false}