{"cameraMode":{"drawMode":0,"name":"Shaded","section":"Shading Mode"},"sceneLighting":true,"audioPlay":false,"sceneViewState":{"showFog":true,"showMaterialUpdate":false,"showSkybox":true,"showFlares":true,"showImageEffects":true,"showParticleSystems":true},"in2DMode":false,"pivot":{"x":413.463134765625,"y":-377.8515319824219,"z":60.63636779785156},"rotation":{"x":0.3030168116092682,"y":0.6217254400253296,"z":-0.2834550738334656,"w":0.6644902229309082},"size":617.3515014648438,"orthographic":false}