{"cameraMode":{"drawMode":0,"name":"Shaded","section":"Shading Mode"},"sceneLighting":true,"audioPlay":false,"sceneViewState":{"showFog":true,"showMaterialUpdate":false,"showSkybox":true,"showFlares":true,"showImageEffects":true,"showParticleSystems":true},"in2DMode":false,"pivot":{"x":3.233491897583008,"y":-161.75559997558595,"z":239.18289184570313},"rotation":{"x":0.4883510172367096,"y":-0.022777998819947244,"z":0.012588330544531346,"w":0.8724197745323181},"size":322.5142517089844,"orthographic":false}