{"cameraMode":{"drawMode":0,"name":"Shaded","section":"Shading Mode"},"sceneLighting":false,"audioPlay":false,"sceneViewState":{"showFog":true,"showMaterialUpdate":false,"showSkybox":false,"showFlares":true,"showImageEffects":true,"showParticleSystems":true},"in2DMode":false,"pivot":{"x":4.76837158203125e-7,"y":0.8809131383895874,"z":0.5973345637321472},"rotation":{"x":0.1182858794927597,"y":0.06477539241313935,"z":-0.00784439779818058,"w":0.9909893274307251},"size":5.828177452087402,"orthographic":false}