{"cameraMode":{"drawMode":0,"name":"Shaded","section":"Shading Mode"},"sceneLighting":false,"audioPlay":false,"sceneViewState":{"showFog":true,"showMaterialUpdate":false,"showSkybox":false,"showFlares":true,"showImageEffects":true,"showParticleSystems":true},"in2DMode":false,"pivot":{"x":-73.16217041015625,"y":1.1794443130493165,"z":47.06805419921875},"rotation":{"x":-0.13289345800876618,"y":-0.7005010843276978,"z":0.13530871272087098,"w":-0.6879976987838745},"size":5.545133113861084,"orthographic":false}