{"cameraMode":{"drawMode":0,"name":"Shaded","section":"Shading Mode"},"sceneLighting":true,"audioPlay":false,"sceneViewState":{"showFog":true,"showMaterialUpdate":false,"showSkybox":true,"showFlares":true,"showImageEffects":true,"showParticleSystems":true},"in2DMode":false,"pivot":{"x":56.658470153808597,"y":57.285118103027347,"z":-23.003398895263673},"rotation":{"x":0.15717081725597382,"y":-0.5086426138877869,"z":0.09509871155023575,"w":0.8411803245544434},"size":59.957061767578128,"orthographic":false}