{"cameraMode":{"drawMode":0,"name":"Shaded","section":"Shading Mode"},"sceneLighting":false,"audioPlay":false,"sceneViewState":{"showFog":true,"showMaterialUpdate":false,"showSkybox":false,"showFlares":true,"showImageEffects":true,"showParticleSystems":true},"in2DMode":false,"pivot":{"x":1.4901161193847657e-8,"y":1.1538318395614625,"z":-0.002112671732902527},"rotation":{"x":0.3305666148662567,"y":-0.06787745654582977,"z":0.023839183151721956,"w":0.9410464763641357},"size":159.30609130859376,"orthographic":false}