{"cameraMode":{"drawMode":0,"name":"Shaded","section":"Shading Mode"},"sceneLighting":false,"audioPlay":false,"sceneViewState":{"showFog":true,"showMaterialUpdate":false,"showSkybox":false,"showFlares":true,"showImageEffects":true,"showParticleSystems":true},"in2DMode":false,"pivot":{"x":-73.16999816894531,"y":0.9800013303756714,"z":47.16200256347656},"rotation":{"x":0.6062654852867127,"y":-0.09831064194440842,"z":0.0758713036775589,"w":0.7855165600776672},"size":3.4795188903808595,"orthographic":false}