{"cameraMode":{"drawMode":0,"name":"Shaded","section":"Shading Mode"},"sceneLighting":false,"audioPlay":false,"sceneViewState":{"showFog":true,"showMaterialUpdate":false,"showSkybox":false,"showFlares":true,"showImageEffects":true,"showParticleSystems":true},"in2DMode":false,"pivot":{"x":0.11070221662521362,"y":1.3595726490020753,"z":1.7553858757019044},"rotation":{"x":0.0052579655312001709,"y":0.9727794528007507,"z":-0.23065544664859773,"w":0.022183850407600404},"size":0.8874861598014832,"orthographic":false}