{"cameraMode":{"drawMode":0,"name":"Shaded","section":"Shading Mode"},"sceneLighting":false,"audioPlay":false,"sceneViewState":{"showFog":true,"showMaterialUpdate":false,"showSkybox":false,"showFlares":true,"showImageEffects":true,"showParticleSystems":true},"in2DMode":false,"pivot":{"x":-0.15515252947807313,"y":0.8283829689025879,"z":-0.08722186088562012},"rotation":{"x":0.3368349075317383,"y":-0.0930095762014389,"z":0.033453311771154407,"w":0.9363713264465332},"size":3.912513494491577,"orthographic":false}