{"cameraMode":{"drawMode":0,"name":"Shaded","section":"Shading Mode"},"sceneLighting":false,"audioPlay":false,"sceneViewState":{"showFog":true,"showMaterialUpdate":false,"showSkybox":false,"showFlares":true,"showImageEffects":true,"showParticleSystems":true},"in2DMode":false,"pivot":{"x":-16.614574432373048,"y":-8.523468017578125,"z":67.31349182128906},"rotation":{"x":-0.4321763515472412,"y":0.03704333305358887,"z":-0.017771247774362565,"w":-0.9008527994155884},"size":198.3495330810547,"orthographic":false}