{"cameraMode":{"drawMode":0,"name":"Shaded","section":"Shading Mode"},"sceneLighting":true,"audioPlay":false,"sceneViewState":{"showFog":true,"showMaterialUpdate":false,"showSkybox":true,"showFlares":true,"showImageEffects":true,"showParticleSystems":true},"in2DMode":false,"pivot":{"x":10.094666481018067,"y":0.9499308466911316,"z":36.161502838134769},"rotation":{"x":-0.0011303899809718133,"y":-0.9987527132034302,"z":0.024218536913394929,"w":-0.04403695464134216},"size":16.928245544433595,"orthographic":false}