{"cameraMode":{"drawMode":0,"name":"Shaded","section":"Shading Mode"},"sceneLighting":false,"audioPlay":false,"sceneViewState":{"showFog":true,"showMaterialUpdate":false,"showSkybox":false,"showFlares":true,"showImageEffects":true,"showParticleSystems":true},"in2DMode":false,"pivot":{"x":-22.47627067565918,"y":2.238619089126587,"z":78.22782135009766},"rotation":{"x":-0.03247731924057007,"y":-0.9659237265586853,"z":0.1507362723350525,"w":-0.20797409117221833},"size":2.8578836917877199,"orthographic":false}