{"cameraMode":{"drawMode":0,"name":"Shaded","section":"Shading Mode"},"sceneLighting":false,"audioPlay":false,"sceneViewState":{"showFog":true,"showMaterialUpdate":false,"showSkybox":false,"showFlares":true,"showImageEffects":true,"showParticleSystems":true},"in2DMode":false,"pivot":{"x":-24.624513626098634,"y":2.1132657527923586,"z":79.06350708007813},"rotation":{"x":0.12402438372373581,"y":-0.5969324707984924,"z":0.09409338980913162,"w":0.787071704864502},"size":5.313261032104492,"orthographic":false}