{"cameraMode":{"drawMode":0,"name":"Shaded","section":"Shading Mode"},"sceneLighting":false,"audioPlay":false,"sceneViewState":{"showFog":true,"showMaterialUpdate":false,"showSkybox":false,"showFlares":true,"showImageEffects":true,"showParticleSystems":true},"in2DMode":false,"pivot":{"x":85.13319396972656,"y":23.462139129638673,"z":86.23175048828125},"rotation":{"x":0.0029024274554103615,"y":0.4832066297531128,"z":-0.001591113512404263,"w":0.8755119442939758},"size":164.26527404785157,"orthographic":false}