{"cameraMode":{"drawMode":0,"name":"Shaded","section":"Shading Mode"},"sceneLighting":false,"audioPlay":false,"sceneViewState":{"showFog":true,"showMaterialUpdate":false,"showSkybox":false,"showFlares":true,"showImageEffects":true,"showParticleSystems":true},"in2DMode":false,"pivot":{"x":-24.504995346069337,"y":1.563263177871704,"z":78.65316009521485},"rotation":{"x":0.16261056065559388,"y":-0.6195831298828125,"z":0.13325326144695283,"w":0.7562827467918396},"size":5.313261032104492,"orthographic":false}