{"cameraMode":{"drawMode":0,"name":"Shaded","section":"Shading Mode"},"sceneLighting":false,"audioPlay":false,"sceneViewState":{"showFog":true,"showMaterialUpdate":false,"showSkybox":false,"showFlares":true,"showImageEffects":true,"showParticleSystems":true},"in2DMode":false,"pivot":{"x":17.8673095703125,"y":12.967247009277344,"z":57.7796630859375},"rotation":{"x":0.050184302031993869,"y":0.7648822665214539,"z":-0.06001389026641846,"w":0.6394265294075012},"size":365.77276611328127,"orthographic":false}