{"cameraMode":{"drawMode":0,"name":"Shaded","section":"Shading Mode"},"sceneLighting":false,"audioPlay":false,"sceneViewState":{"showFog":true,"showMaterialUpdate":false,"showSkybox":false,"showFlares":true,"showImageEffects":true,"showParticleSystems":true},"in2DMode":false,"pivot":{"x":36.4993896484375,"y":14.276409149169922,"z":-21.622922897338868},"rotation":{"x":0.05589728802442551,"y":-0.4674888253211975,"z":0.029637686908245088,"w":0.8817456960678101},"size":57.08983612060547,"orthographic":false}