{"cameraMode":{"drawMode":0,"name":"Shaded","section":"Shading Mode"},"sceneLighting":false,"audioPlay":false,"sceneViewState":{"showFog":true,"showMaterialUpdate":false,"showSkybox":false,"showFlares":true,"showImageEffects":true,"showParticleSystems":true},"in2DMode":false,"pivot":{"x":0.09640073776245117,"y":1.4650163650512696,"z":1.2288594245910645},"rotation":{"x":0.07056134194135666,"y":-0.8509038090705872,"z":0.11844637244939804,"w":0.5069312453269959},"size":10.609761238098145,"orthographic":false}