{"cameraMode":{"drawMode":0,"name":"Shaded","section":"Shading Mode"},"sceneLighting":false,"audioPlay":false,"sceneViewState":{"showFog":true,"showMaterialUpdate":false,"showSkybox":false,"showFlares":true,"showImageEffects":true,"showParticleSystems":true},"in2DMode":false,"pivot":{"x":7.4969072341918949,"y":2.0692460536956789,"z":-1.9582191705703736},"rotation":{"x":0.04496216028928757,"y":-0.8482015132904053,"z":0.07296479493379593,"w":0.5227153301239014},"size":4.85869836807251,"orthographic":false}