{"cameraMode":{"drawMode":0,"name":"Shaded","section":"Shading Mode"},"sceneLighting":false,"audioPlay":false,"sceneViewState":{"showFog":true,"showMaterialUpdate":false,"showSkybox":false,"showFlares":true,"showImageEffects":true,"showParticleSystems":true},"in2DMode":false,"pivot":{"x":0.0,"y":-1.2249999046325684,"z":1.3999998569488526},"rotation":{"x":0.07056134194135666,"y":-0.8509038090705872,"z":0.11844637244939804,"w":0.5069312453269959},"size":17.463603973388673,"orthographic":false}