{"cameraMode":{"drawMode":0,"name":"Shaded","section":"Shading Mode"},"sceneLighting":false,"audioPlay":false,"sceneViewState":{"showFog":true,"showMaterialUpdate":false,"showSkybox":false,"showFlares":true,"showImageEffects":true,"showParticleSystems":true},"in2DMode":false,"pivot":{"x":-0.3433499038219452,"y":158.0845489501953,"z":111.09359741210938},"rotation":{"x":0.02612609602510929,"y":0.8502739071846008,"z":-0.524013340473175,"w":0.0423726886510849},"size":107.30233764648438,"orthographic":false}