{"cameraMode":{"drawMode":0,"name":"Shaded","section":"Shading Mode"},"sceneLighting":false,"audioPlay":false,"sceneViewState":{"showFog":true,"showMaterialUpdate":false,"showSkybox":false,"showFlares":true,"showImageEffects":true,"showParticleSystems":true},"in2DMode":false,"pivot":{"x":125.02006530761719,"y":5.990685939788818,"z":133.50137329101563},"rotation":{"x":0.1589156836271286,"y":0.0006606775568798184,"z":-0.00005340070492820814,"w":0.9873178005218506},"size":280.1917724609375,"orthographic":false}