{"cameraMode":{"drawMode":0,"name":"Shaded","section":"Shading Mode"},"sceneLighting":false,"audioPlay":false,"sceneViewState":{"showFog":true,"showMaterialUpdate":false,"showSkybox":false,"showFlares":true,"showImageEffects":true,"showParticleSystems":true},"in2DMode":false,"pivot":{"x":9.634865760803223,"y":91.74543762207031,"z":139.4762725830078},"rotation":{"x":0.02670019306242466,"y":0.9548881649971008,"z":-0.28163570165634158,"w":0.09048916399478913},"size":26.235408782958986,"orthographic":false}