{"cameraMode":{"drawMode":0,"name":"Shaded","section":"Shading Mode"},"sceneLighting":false,"audioPlay":false,"sceneViewState":{"showFog":true,"showMaterialUpdate":false,"showSkybox":false,"showFlares":true,"showImageEffects":true,"showParticleSystems":true},"in2DMode":false,"pivot":{"x":0.09347003698348999,"y":1.3928276300430298,"z":0.04273867607116699},"rotation":{"x":-0.017779666930437089,"y":0.9662241339683533,"z":-0.24755096435546876,"w":-0.06939640641212464},"size":9.587319374084473,"orthographic":false}