{"cameraMode":{"drawMode":0,"name":"Shaded","section":"Shading Mode"},"sceneLighting":true,"audioPlay":false,"sceneViewState":{"showFog":true,"showMaterialUpdate":false,"showSkybox":true,"showFlares":true,"showImageEffects":true,"showParticleSystems":true},"in2DMode":false,"pivot":{"x":-2.518548011779785,"y":-1.3022146224975587,"z":3.5458526611328127},"rotation":{"x":-0.26903969049453738,"y":0.33527833223342898,"z":-0.10053003579378128,"w":-0.8972790241241455},"size":19.17140769958496,"orthographic":false}