{"cameraMode":{"drawMode":0,"name":"Shaded","section":"Shading Mode"},"sceneLighting":false,"audioPlay":false,"sceneViewState":{"showFog":true,"showMaterialUpdate":false,"showSkybox":false,"showFlares":true,"showImageEffects":true,"showParticleSystems":true},"in2DMode":false,"pivot":{"x":-0.06003063917160034,"y":0.4495680332183838,"z":-1.6543102264404297},"rotation":{"x":-0.005373639985918999,"y":0.9870006442070007,"z":-0.15706384181976319,"w":-0.03376811370253563},"size":3.8798139095306398,"orthographic":false}