{"cameraMode":{"drawMode":0,"name":"Shaded","section":"Shading Mode"},"sceneLighting":false,"audioPlay":false,"sceneViewState":{"showFog":true,"showMaterialUpdate":false,"showSkybox":false,"showFlares":true,"showImageEffects":true,"showParticleSystems":true},"in2DMode":false,"pivot":{"x":0.3791171610355377,"y":-0.19274258613586427,"z":1.1212213039398194},"rotation":{"x":-0.1671961098909378,"y":0.2516990900039673,"z":-0.044188354164361957,"w":-0.9522354602813721},"size":2.8578851222991945,"orthographic":false}