{"cameraMode":{"drawMode":0,"name":"Shaded","section":"Shading Mode"},"sceneLighting":false,"audioPlay":false,"sceneViewState":{"showFog":true,"showMaterialUpdate":false,"showSkybox":false,"showFlares":true,"showImageEffects":true,"showParticleSystems":true},"in2DMode":false,"pivot":{"x":1.6823058128356934,"y":0.21706724166870118,"z":0.8107020854949951},"rotation":{"x":-0.0714709460735321,"y":-0.9319934248924255,"z":0.2529089152812958,"w":-0.25133487582206728},"size":4.074141502380371,"orthographic":false}