{"cameraMode":{"drawMode":0,"name":"Shaded","section":"Shading Mode"},"sceneLighting":false,"audioPlay":false,"sceneViewState":{"showFog":true,"showMaterialUpdate":false,"showSkybox":false,"showFlares":true,"showImageEffects":true,"showParticleSystems":true},"in2DMode":false,"pivot":{"x":-10.340510368347168,"y":6.767086505889893,"z":-53.90631866455078},"rotation":{"x":0.00030873468494974077,"y":0.011126905679702759,"z":0.000011324116712785326,"w":0.9999606609344482},"size":22.0,"orthographic":false}