{"cameraMode":{"drawMode":0,"name":"Shaded","section":"Shading Mode"},"sceneLighting":false,"audioPlay":false,"sceneViewState":{"showFog":true,"showMaterialUpdate":false,"showSkybox":false,"showFlares":true,"showImageEffects":true,"showParticleSystems":true},"in2DMode":false,"pivot":{"x":2.750420570373535,"y":0.08306765556335449,"z":-63.82032775878906},"rotation":{"x":0.07359208911657334,"y":0.7366012930870056,"z":-0.08120524883270264,"w":0.6674255728721619},"size":8.789703369140625,"orthographic":false}