{"cameraMode":{"drawMode":0,"name":"Shaded","section":"Shading Mode"},"sceneLighting":true,"audioPlay":false,"sceneViewState":{"showFog":true,"showMaterialUpdate":false,"showSkybox":true,"showFlares":true,"showImageEffects":true,"showParticleSystems":true},"in2DMode":false,"pivot":{"x":3.776648759841919,"y":-6.361978530883789,"z":3.7450084686279299},"rotation":{"x":0.0017397241899743677,"y":0.9320237040519714,"z":-0.3623661994934082,"w":0.004474582150578499},"size":55.1374397277832,"orthographic":false}