{"cameraMode":{"drawMode":0,"name":"Shaded","section":"Shading Mode"},"sceneLighting":false,"audioPlay":false,"sceneViewState":{"showFog":true,"showMaterialUpdate":false,"showSkybox":false,"showFlares":true,"showImageEffects":true,"showParticleSystems":true},"in2DMode":false,"pivot":{"x":-0.3866846561431885,"y":1.0589704513549805,"z":0.020914554595947267},"rotation":{"x":0.12844862043857575,"y":0.8587006330490112,"z":-0.4215024411678314,"w":0.26168128848075869},"size":3.8798139095306398,"orthographic":false}