{"cameraMode":{"drawMode":0,"name":"Shaded","section":"Shading Mode"},"sceneLighting":false,"audioPlay":false,"sceneViewState":{"showFog":true,"showMaterialUpdate":false,"showSkybox":false,"showFlares":true,"showImageEffects":true,"showParticleSystems":true},"in2DMode":false,"pivot":{"x":2.0616958141326906,"y":5.027956962585449,"z":-5.947199821472168},"rotation":{"x":-0.07019885629415512,"y":0.19828632473945619,"z":0.014254950918257237,"w":0.9775453805923462},"size":22.0,"orthographic":false}