{"cameraMode":{"drawMode":0,"name":"Shaded","section":"Shading Mode"},"sceneLighting":true,"audioPlay":false,"sceneViewState":{"showFog":true,"showMaterialUpdate":false,"showSkybox":true,"showFlares":true,"showImageEffects":true,"showParticleSystems":true},"in2DMode":false,"pivot":{"x":-0.6584863662719727,"y":0.35504770278930666,"z":-10.554815292358399},"rotation":{"x":0.2064700424671173,"y":0.46482905745506289,"z":-0.11242270469665528,"w":0.8536463975906372},"size":12.201861381530762,"orthographic":false}