{"cameraMode":{"drawMode":0,"name":"Shaded","section":"Shading Mode"},"sceneLighting":false,"audioPlay":false,"sceneViewState":{"showFog":true,"showMaterialUpdate":false,"showSkybox":false,"showFlares":true,"showImageEffects":true,"showParticleSystems":true},"in2DMode":false,"pivot":{"x":-1.7788727283477784,"y":2.248683452606201,"z":3.459390640258789},"rotation":{"x":-0.19360469281673432,"y":-0.8080591559410095,"z":0.3655443489551544,"w":-0.42021435499191286},"size":4.075006484985352,"orthographic":false}