{"cameraMode":{"drawMode":0,"name":"Shaded","section":"Shading Mode"},"sceneLighting":false,"audioPlay":false,"sceneViewState":{"showFog":true,"showMaterialUpdate":false,"showSkybox":false,"showFlares":true,"showImageEffects":true,"showParticleSystems":true},"in2DMode":false,"pivot":{"x":2.2552740573883058,"y":-0.26592516899108889,"z":1.6901674270629883},"rotation":{"x":-0.1360461562871933,"y":-0.8644528388977051,"z":0.30237331986427309,"w":-0.37899258732795718},"size":4.074141502380371,"orthographic":false}