{"cameraMode":{"drawMode":0,"name":"Shaded","section":"Shading Mode"},"sceneLighting":true,"audioPlay":false,"sceneViewState":{"showFog":true,"showMaterialUpdate":false,"showSkybox":true,"showFlares":true,"showImageEffects":true,"showParticleSystems":true},"in2DMode":false,"pivot":{"x":62.90106964111328,"y":32.0655517578125,"z":-12.458839416503907},"rotation":{"x":0.10428500175476074,"y":-0.8260657787322998,"z":0.16899488866329194,"w":0.5281860828399658},"size":22.0,"orthographic":false}