{"cameraMode":{"drawMode":0,"name":"Shaded","section":"Shading Mode"},"sceneLighting":false,"audioPlay":false,"sceneViewState":{"showFog":true,"showMaterialUpdate":false,"showSkybox":false,"showFlares":true,"showImageEffects":true,"showParticleSystems":true},"in2DMode":false,"pivot":{"x":0.068634033203125,"y":0.2745879590511322,"z":0.3248530626296997},"rotation":{"x":-0.0499006025493145,"y":0.6848678588867188,"z":0.047129906713962558,"w":0.7254570722579956},"size":4.041658401489258,"orthographic":false}