{"cameraMode":{"drawMode":0,"name":"Shaded","section":"Shading Mode"},"sceneLighting":true,"audioPlay":false,"sceneViewState":{"showFog":true,"showMaterialUpdate":false,"showSkybox":true,"showFlares":true,"showImageEffects":true,"showParticleSystems":true},"in2DMode":false,"pivot":{"x":-42.102256774902347,"y":-8.5968017578125,"z":66.39387512207031},"rotation":{"x":0.4001893103122711,"y":-0.5321779251098633,"z":0.31500041484832766,"w":0.676460862159729},"size":175.1766815185547,"orthographic":false}