{"cameraMode":{"drawMode":0,"name":"Shaded","section":"Shading Mode"},"sceneLighting":true,"audioPlay":false,"sceneViewState":{"showFog":true,"showMaterialUpdate":false,"showSkybox":true,"showFlares":true,"showImageEffects":true,"showParticleSystems":true},"in2DMode":false,"pivot":{"x":-2.9383041858673097,"y":5.027956962585449,"z":-5.947199821472168},"rotation":{"x":0.4543374180793762,"y":0.3662682771682739,"z":-0.2123076468706131,"w":0.7838433384895325},"size":40.06979751586914,"orthographic":false}