{"cameraMode":{"drawMode":0,"name":"Shaded","section":"Shading Mode"},"sceneLighting":false,"audioPlay":false,"sceneViewState":{"showFog":true,"showMaterialUpdate":false,"showSkybox":false,"showFlares":true,"showImageEffects":true,"showParticleSystems":true},"in2DMode":false,"pivot":{"x":0.1110299825668335,"y":-0.3487541675567627,"z":0.0514356829226017},"rotation":{"x":0.008675030432641507,"y":0.710052490234375,"z":-0.008731819689273835,"w":0.7040725946426392},"size":3.7416584491729738,"orthographic":false}