{"cameraMode":{"drawMode":0,"name":"Shaded","section":"Shading Mode"},"sceneLighting":false,"audioPlay":false,"sceneViewState":{"showFog":true,"showMaterialUpdate":false,"showSkybox":false,"showFlares":true,"showImageEffects":true,"showParticleSystems":true},"in2DMode":false,"pivot":{"x":-138.342529296875,"y":-5.600000381469727,"z":-118.58839416503906},"rotation":{"x":0.06081261858344078,"y":0.27545279264450076,"z":-0.01745445840060711,"w":0.9592583179473877},"size":22.0,"orthographic":false}