{"cameraMode":{"drawMode":0,"name":"Shaded","section":"Shading Mode"},"sceneLighting":true,"audioPlay":false,"sceneViewState":{"showFog":true,"showMaterialUpdate":false,"showSkybox":true,"showFlares":true,"showImageEffects":true,"showParticleSystems":true},"in2DMode":false,"pivot":{"x":-86.0595703125,"y":0.7857933044433594,"z":-13.98550796508789},"rotation":{"x":0.11427255719900131,"y":-0.8805848956108093,"z":0.2899377942085266,"w":0.35788753628730776},"size":101.31909942626953,"orthographic":false}