{"cameraMode":{"drawMode":0,"name":"Shaded","section":"Shading Mode"},"sceneLighting":false,"audioPlay":false,"sceneViewState":{"showFog":true,"showMaterialUpdate":false,"showSkybox":false,"showFlares":true,"showImageEffects":true,"showParticleSystems":true},"in2DMode":false,"pivot":{"x":-146.77197265625,"y":1.9257431030273438,"z":-105.83096313476563},"rotation":{"x":0.23899023234844209,"y":-0.1616288423538208,"z":0.040379807353019717,"w":0.956653356552124},"size":97.0721206665039,"orthographic":false}