{"cameraMode":{"drawMode":0,"name":"Shaded","section":"Shading Mode"},"sceneLighting":true,"audioPlay":false,"sceneViewState":{"showFog":true,"showMaterialUpdate":false,"showSkybox":true,"showFlares":true,"showImageEffects":true,"showParticleSystems":true},"in2DMode":false,"pivot":{"x":-18.322254180908204,"y":-62.404747009277347,"z":147.78085327148438},"rotation":{"x":-0.3596389889717102,"y":-0.3578943610191345,"z":0.14812071621418,"w":-0.8493881821632385},"size":99.4951171875,"orthographic":false}