{"cameraMode":{"drawMode":0,"name":"Shaded","section":"Shading Mode"},"sceneLighting":true,"audioPlay":false,"sceneViewState":{"showFog":true,"showMaterialUpdate":false,"showSkybox":true,"showFlares":true,"showImageEffects":true,"showParticleSystems":true},"in2DMode":false,"pivot":{"x":-12.505765914916993,"y":-5.874109268188477,"z":3.0674495697021486},"rotation":{"x":-0.2214597910642624,"y":0.6888103485107422,"z":-0.23501576483249665,"w":-0.649062991142273},"size":32.560733795166019,"orthographic":false}